{
  "transformation_matrix": [
    [
      -0.02239873640687662,
      0.02309056035723528,
      0.9529329689268207,
      -120.97562468023645
    ],
    [
      -0.9597312513740697,
      -0.03962062484255402,
      0.01630636463088915,
      158.46480722310864
    ],
    [
      0.034204977473009254,
      -0.9845342999809625,
      0.041894663629326256,
      606.3501388328477
    ],
    [
      0.0,
      0.0,
      0.0,
      1.0
    ]
  ],
  "rmse_error": 1.7126909282561402,
  "calibration_points": 15,
  "camera_matrix": [
    [
      616.7979736328125,
      0.0,
      321.7530822753906
    ],
    [
      0.0,
      616.904052734375,
      247.54083251953125
    ],
    [
      0.0,
      0.0,
      1.0
    ]
  ],
  "marker_length": 0.04
}